{
    "acc": 0.9783751094799182,
    "loss": 0.11169319214506929
}