acc,correct,label,total
0.978154220302738,23328,Fake,23849
0.978593652769135,23589,Real,24105
